sigla,nome,nome_resumido,caracterizacao,criterio
RTR,Relação terapêutica,Rel ter,"O assunto corrente diz respeito a eventos que ocorreram dentro da sessão, na interação do cliente com o terapeuta, ou diz respeito a sentimentos ou impressões do cliente ou do terapeuta, um com relação ao outro.",
RCP,Relações com cônjuge/parceiro,Rel cônjuge,"O assunto corrente diz respeito ao relacionamento do cliente fora da sessão que se refira a envolvimento afetivo amoroso com um parceiro/parceira, ou à busca de um parceiro/parceira, independentemente de haver correspondência por parte da outra pessoa. Pode envolver questões de relacionamento, tais como dificuldades de convivência, queixas, reclamações ou acusações, bem como qualquer tipo de interação – amigável ou não – com pessoas com as quais haja interesse amoroso por parte do cliente, ou com o(a) namorado(a), cônjuge ou companheiro(a).","Caso o interesse amoroso se refira ao terapeuta, deve ser categorizado o tema relação terapêutica (Rel ter)."
RFI,Relações com filhos ou enteados,Rel filhos,"O assunto corrente diz respeito ao relacionamento do cliente, fora da sessão, com um filho ou enteado. Pode envolver questões de relacionamento, tais como dificuldades de convivência, queixas, reclamações ou acusações, orientação de pais, bem como o relato de qualquer tipo de interação – amigável ou não.","Caso assunto trate de dificuldades com o cônjuge/companheiro em razão de qualquer tipo de questão relacionada aos filhos ou enteados, dê preferência ao tema Relação com cônjuge/parceiro (Rel cônjuge)."
RPA,Relações com pais ou padrastos,Rel pais,"O assunto corrente diz respeito ao relacionamento do cliente, fora da sessão, com pais ou padrastos. Pode envolver questões de relacionamento, tais como dificuldades de convivência, queixas, reclamações ou acusações, bem como qualquer tipo de interação – amigável ou não.","Caso assunto trate de dificuldades com o cônjuge/companheiro em razão de qualquer tipo de questão relacionada aos pais/padrastos, dê preferência ao tema Relação com cônjuge/parceiro (Rel cônjuge)."
RFA,Relações com outros familiares,Rel Fam,"O assunto corrente diz respeito ao relacionamento do cliente com familiares. Pode envolver dificuldades de convivência, queixas, reclamações ou acusações, bem como qualquer tipo de interação – amigável ou não – com familiares, que não o cônjuge/ companheiro.","Caso o assunto trate de dificuldades com o cônjuge/companheiro em razão de qualquer tipo de questão relacionada aos familiares, dê preferência ao tema Relação com cônjuge/parceiro (Rel cônjuge)."
TRB,"Trabalho, estudo e/ou carreira",Trab est,"O assunto corrente diz respeito a questões do cliente relacionadas a trabalho, estudo ou carreira, tanto no que se refere a projetos, decisões, dúvidas, planejamento, problemas de trabalho ou estudo, dificuldades de relacionamento interpessoal que interferem no trabalho ou estudo ou relacionamentos com colegas de trabalho que têm implicações diretas (implicações sugeridas no relato presente do cliente) no trabalho ou estudo.","a. Quando o assunto se refere a envolvimento afetivo amoroso com qualquer pessoa do trabalho, independentemente de haver correspondência por parte desta, deve ser categorizado o tema Relações com cônjuge/parceiro (Rel cônjuge). b. Quando o tema se refere a algum familiar ou cônjuge/companheiro(a) com o qual o cliente vivencia relações de trabalho ou estudo, é categorizado o tema Trabalho, estudo e/ou carreira (Trab Est) apenas quando o assunto em questão disser respeito exclusivamente ao desenvolvimento do trabalho ou estudo; caso contrário, é categorizado o tema correspondente – Relações familiares (Rel fam) ou Relações com cônjuge/parceiro (Rel cônjuge ). Na dúvida, dê prioridade a essas categorias."
RLG,Religião,Religião,"O assunto corrente diz respeito a questões do cliente relacionadas ao seu engajamento em uma determinada crença ou grupo religioso, no que se refere tanto a atividades, cultos, crenças, dúvidas, problemas, quanto a dificuldades de relacionamento interpessoal relacionadas às atividades religiosas (relação sugerida no relato presente do cliente).","a. Quando o assunto se refere a envolvimento afetivo amoroso com qualquer pessoa do grupo religioso, independentemente de haver correspondência por parte da outra pessoa, deve ser categorizado o tema Relações com cônjuge/ parceiro (Rel cônjuge). b. Quando o tema se refere a algum familiar ou cônjuge/companheiro(a) com o qual o cliente vivencia atividades religiosas, é categorizado o tema Religião apenas quando o assunto em questão diz respeito exclusivamente ao desenvolvimento da atividade religiosa; caso contrário, é categorizado o tema correspondente – Relações familiares (Rel fam) ou Relações com cônjuge/ parceiro (Rel cônjuge ). Na dúvida, dê prioridade a essas categorias."
RIT,Relações interpessoais,Rel Interp,"O assunto corrente diz respeito ao relacionamento do cliente com pessoas com as quais ele convive fora da sessão, à exceção da família, relações amorosas e relações profissionais. Pode envolver dificuldades de convivência, queixas, reclamações ou acusações, bem como qualquer tipo de interação – amigável ou não – com outras pessoas, que não o terapeuta, família ou cônjuge/companheiro ou relações de trabalho.","a. São categorizadas aqui apenas relações interpessoais que não se encaixam em nenhuma das categorias interpessoais anteriores. b. Quando o assunto se refere a qualquer tipo de envolvimento afetivo que sugira interesse amoroso ou relações sexuais consentidas, mesmo que não haja efetivamente um relacionamento, deve ser categorizado o tema Relações com cônjuge/parceiro (Rel fam). c. Quando o assunto se refere a questões de relacionamento com pessoas de trabalho ou estudo, mas sem relação direta com o trabalho ou estudo, categoriza-se o tema Relações Interpessoais (Rel Interp). d. Quando o assunto se refere a questões de relacionamento com pessoas de grupo religioso, mas sem relação direta com a atividade religiosa, categoriza-se o tema Relações Interpessoais (Rel Interp)."
STM,"Sentimentos em geral, julgamentos ou tendências a ação",Sentimentos,O assunto corrente diz respeito a sentimentos experimentados pelo cliente e eventos a eles relacionados.,"a. Deve ser classificado esse tema apenas quando o foco principal da interação é o sentimento propriamente dito, e não quando um sentimento é citado ou relatado como parte de uma descrição relacionada ao terapeuta, outras pessoas ou queixas psiquiátricas. b. A simples menção de um sentimento do cliente ou o relato de um sentimento relacionado a algum evento não são suficientes para sua categorização nesse tema, devendo ser utilizada a categoria correspondente ao evento em questão. Na dúvida, dê prioridade a outras categorias. c. O tema Sentimentos em geral, julgamentos ou tendências a ação (Sentimentos) geralmente apresenta algum termo que se refira direta ou indiretamente a um estado emocional ou motivacional e/ou um julgamento ou avaliação. O Esquema básico de palavras emocionais, adaptado de Shaver et al. (1987) e readaptado por Brandão (2003), apresentado na Tabela 8, sugere alguns termos que podem referir-se a estados emocionais. TABELA 8 ESQUEMA BÁSICO DE PALAVRAS EMOCIONAIS ADAPTADO DE SHAVER ET AL. (1987) POR BRANDÃO (2003) AMOR RAIVA ALEGRIA adoração; afeição; amar; abominação; agitação; alegria; alívio; ânsia; bem- apreciação; atração; amargura; aversão; estar; contentamento; carinho; compaixão; ciúmes; desdenho; deleite; distração (prazer); desejo; estimular; desgostar (não gostar); ditoso; diversão; elação; gamado, louco de desprezo; exaltação; emoção; encanto; paixão; gostar; luxúria, exasperação; feroz; enfeitiçada; enlevo; desejo ardente; paixão; frustração; fúria; entusiasmo; entusiasmo; prazeroso; proteção; hostilidade; incomodado; esperança; euforia; sentimentalidade; ser inveja; ira; irritação; excitação; êxito; êxtase; cuidado por; ternura; ódio; raiva; rancor; exultar; felicidade; vontade repugnação; resmungar; gozo; jovialidade; júbilo; ressentimento; ser orgulho; otimismo; prazer; rabugento; ser zangado; relaxado; satisfação; tormento; ultrajar; sentir-se melhor; sortudo vingança (feliz); ventura; zelo TRISTEZA MEDO CULPA/ VERGONHA agonia; abatido; alarmado; ansiedade; embaraçado; alienação; angústia; apreensão; assustado; arrependimento; culpado; arrasado; chateado; choque; confuso; humilhado; inseguro; chocado; compaixão; desgosto; histeria; insultado; remorso; depressão; derrota; horror; intranquilidade; vergonha; constrangido; desagrado; desanimado; medo; nervosismo; deslocado. desapontado; pânico; pavor; pesaroso; desesperança; desespero; preocupado; tensão; desgostoso; desgraçado; terror doloroso; estar na escuridão/tristeza profunda; fracassado; infelicidade; isolado; machucado; melancolia; miséria; negligenciado; pena; pesar; rejeição; ruim (estar ruim/estar mal); saudade; sofrimento; solidão; tristeza"
EXT,Questões existenciais,Existencial,"O assunto em pauta diz respeito a questões do cliente sobre a existência, sobre o sentido de determinadas experiências ou da própria vida. Assuntos de natureza filosófica ou existencial, em geral, devem ser categorizados nessa temática.","Essa categoria deve ser utilizada apenas quando o assunto se refere explicitamente a temas de natureza existencial. Na dúvida, dê prioridade a outras categorias temáticas."
TRA,Eventos traumáticos,Trauma,"O assunto corrente diz respeito a eventos experimentados pelo cliente como traumáticos, em especial a situações de violência, eventos que implicaram risco sério de morte ou lesão, perda de entes queridos, ameaça séria à sua integridade física ou emocional ou eventos a eles relacionados.","Deve ser classificado esse tema apenas quando o foco principal da conversação é o evento propriamente dito ou suas decorrências, e não quando o evento é citado ou relatado como parte de uma descrição de outros eventos. Na dúvida, dê prioridade a outras categorias."
FTS,Atividade de fantasia ou jogo,Fant jogo,"O assunto em curso trata de eventos que ocorrem durante uma atividade lúdica, de viagem de fantasia, role-playing, desenho ou qualquer atividade que envolva arte ou fantasia como recursos terapêuticos.",Atividades de fantasia ou jogo (Fant jogo) deve ser categorizado durante a atividade propriamente dita e/ou a qualquer momento em que o assunto tratado na interação terapêutica se refira diretamente a uma atividade ou jogo realizado ou a ser realizado.
TEC,Desenvolvimento de técnicas/procedimentos ou entrevistas padronizados,Técnica,"O assunto em curso trata de eventos que ocorrem durante a aplicação de uma técnica ou procedimento padronizado (com exceção de viagens de fantasia, role- playing, desenho ou qualquer atividade que envolva arte ou fantasia como recursos terapêuticos) ou ainda durante a aplicação de entrevistas ou de escalas de avaliação padronizadas.","A categorização nesse tema deve ser feita apenas durante a aplicação ou desenvolvimento da técnica ou entrevista, ou quando da apresentação do resultado de alguma avaliação por parte do terapeuta decorrente desses procedimentos ou escalas/ entrevistas. Qualquer outro momento em que o terapeuta ou o cliente se refiram a essas técnicas ou procedimentos deve ser categorizado no tema correspondente da conversação. Na dúvida, dê prioridade a outras categorias."
QXS,Queixas psiquiátricas e sintomas médicos,Queixas,"O assunto corrente diz respeito a (a) desconforto físico, descontentamento, desprazer ou dor relacionados a problemas de saúde – doenças ou sintomas físicos, estímulos interoceptivos ou proprioceptivos – incluindo a descrição de procedimentos médicos relacionados; (b) sintomas relacionados a quadros psiquiátricos, bem como tratamentos e procedimentos médicos e psicológicos, medicação, além de procedimentos tomados pelo paciente, familiares ou outros em situações de crise.","A categorização nesse tema deve ser feita apenas quando esse é o foco principal da conversação. Qualquer outro momento em que o terapeuta ou o cliente se refiram a essas queixas, sintomas ou diagnóstico, deve ser categorizado o tema correspondente da conversação. Na dúvida, dê prioridade a outras categorias."
SLC,Silêncio,Silêncio,Essa categoria é utilizada quando ambos os participantes se encontram em silêncio.,
OTM,Outros temas,Outros,Essa categoria é utilizada quando não é possível identificar o tema principal da conversação ou quando o tema em curso não se refere a nenhum dos previstos anteriormente. Eixo II – 2,
