eixo,grupo,sigla,nome,caracterizacao
Empatia,Subcategorias de Empatia,NIS,Nomeação e inferência de sentimentos,"O terapeuta nomeia ou infere sentimentos, valores e/ou a importância de eventos experimentados pelo cliente."
Empatia,Subcategorias de Empatia,NVS,Normalizações e validação de sentimentos,"O terapeuta afirma que as ações ou sentimentos do cliente são esperados ou apropriados à situação por ele vivida (apenas quando sugerirem validação, compreensão ou cuidado)."
Empatia,Subcategorias de Empatia,EXI,Exclamações e expressões de interesse,"Comentários em forma de exclamação, ou interrogação, apresentados após a descrição de eventos, que não ações do cliente, consistentes com o assunto relatado, que indicam interesse nele."
Empatia,Subcategorias de Empatia,VCU,Verbalizações de cuidado,"O terapeuta demonstra preocupação pessoal com o cliente, quando tal preocupação não acompanha crítica ou explicação."
Empatia,Subcategorias de Empatia,ARS,Autorrevelações sobre experiências similares,"O terapeuta relata sua experiência em situações semelhantes àquela relatada pelo cliente, quando tal relato sugere validação ou compreensão da condição do cliente."
Empatia,Subcategorias de Empatia,VDC,Validação de discordâncias ou críticas do cliente,"O terapeuta revê as próprias ações durante o processo terapêutico, corrigindo suas intervenções, admitindo seus erros ou pedindo desculpas."
Empatia,Subcategorias de Empatia,HUM,Humor,"Verbalizações acompanhadas por risadas que tenham sido humorísticas, mesmo que remotamente (desde que não representem deboche ou ironia com relação ao cliente ou a qualquer comportamento dele)."
Empatia,Subcategorias de Empatia,APO,Apoio,O terapeuta afirma sua disponibilidade para ajudar o cliente a superar determinada situação.
Empatia,Subcategorias de Empatia,PAR,Paráfrases,"O terapeuta apresenta de forma resumida o que foi dito em algum ponto anterior pelo cliente na mesma sessão, por meio de repetição literal ou reorganização das verbalizações do cliente (desde que essa reorganização não mude o sentido do relato do cliente ou não acrescente informações ou opiniões do terapeuta que não estavam na fala do cliente)."
Empatia,Subcategorias de Empatia,CEN,Comentários de entendimento,"Comentários breves apresentados após um relato do cliente, constituídos de pequenos fragmentos do próprio relato ou de palavras que complementam o relato."
